experiment,layer_group,round,divergence
B1_full_sharing,input_block,10,-1e-06
B1_full_sharing,input_block,20,-1e-06
B1_full_sharing,input_block,30,-1e-06
B1_full_sharing,input_block,40,-1e-06
B1_full_sharing,input_block,50,-1e-06
B1_full_sharing,input_block,60,-1e-06
B1_full_sharing,input_block,70,-1e-06
B1_full_sharing,input_block,90,-1e-06
B1_full_sharing,input_block,100,-2e-06
B1_full_sharing,input_block,110,-2e-06
B1_full_sharing,input_block,120,-1e-06
B1_full_sharing,input_block,130,-1e-06
B1_full_sharing,input_block,140,-1e-06
B1_full_sharing,input_block,150,-1e-06
B1_full_sharing,input_block,160,-1e-06
B1_full_sharing,input_block,170,-1e-06
B1_full_sharing,input_block,180,-1e-06
B1_full_sharing,input_block,190,-1e-06
B1_full_sharing,input_block,200,-1e-06
B1_full_sharing,input_block,210,-1e-06
B1_full_sharing,input_block,220,-2e-06
B1_full_sharing,input_block,230,-2e-06
B1_full_sharing,input_block,240,-1e-06
B1_full_sharing,input_block,250,-1e-06
B1_full_sharing,input_block,260,-2e-06
B1_full_sharing,input_block,270,-1e-06
B1_full_sharing,input_block,280,-1e-06
B1_full_sharing,input_block,290,-1e-06
B1_full_sharing,input_block,300,-2e-06
B1_full_sharing,input_block,310,-1e-06
B1_full_sharing,input_block,320,-2e-06
B1_full_sharing,input_block,330,-1e-06
B1_full_sharing,input_block,340,-2e-06
B1_full_sharing,input_block,350,-2e-06
B1_full_sharing,early_residual,10,0.582804
B1_full_sharing,early_residual,20,0.567471
B1_full_sharing,early_residual,30,0.562911
B1_full_sharing,early_residual,40,0.556236
B1_full_sharing,early_residual,50,0.550232
B1_full_sharing,early_residual,60,0.548052
B1_full_sharing,early_residual,70,0.54627
B1_full_sharing,early_residual,90,0.545446
B1_full_sharing,early_residual,100,0.544124
B1_full_sharing,early_residual,110,0.546034
B1_full_sharing,early_residual,120,0.544221
B1_full_sharing,early_residual,130,0.545032
B1_full_sharing,early_residual,140,0.546762
B1_full_sharing,early_residual,150,0.547701
B1_full_sharing,early_residual,160,0.546388
B1_full_sharing,early_residual,170,0.546833
B1_full_sharing,early_residual,180,0.54765
B1_full_sharing,early_residual,190,0.548944
B1_full_sharing,early_residual,200,0.548719
B1_full_sharing,early_residual,210,0.549507
B1_full_sharing,early_residual,220,0.550732
B1_full_sharing,early_residual,230,0.551892
B1_full_sharing,early_residual,240,0.551183
B1_full_sharing,early_residual,250,0.551384
B1_full_sharing,early_residual,260,0.551812
B1_full_sharing,early_residual,270,0.552644
B1_full_sharing,early_residual,280,0.552238
B1_full_sharing,early_residual,290,0.552391
B1_full_sharing,early_residual,300,0.553552
B1_full_sharing,early_residual,310,0.554336
B1_full_sharing,early_residual,320,0.554902
B1_full_sharing,early_residual,330,0.555182
B1_full_sharing,early_residual,340,0.555413
B1_full_sharing,early_residual,350,0.555594
B1_full_sharing,middle_residual,10,0.672535
B1_full_sharing,middle_residual,20,0.667063
B1_full_sharing,middle_residual,30,0.680986
B1_full_sharing,middle_residual,40,0.676406
B1_full_sharing,middle_residual,50,0.66901
B1_full_sharing,middle_residual,60,0.676157
B1_full_sharing,middle_residual,70,0.670244
B1_full_sharing,middle_residual,90,0.667975
B1_full_sharing,middle_residual,100,0.666036
B1_full_sharing,middle_residual,110,0.66759
B1_full_sharing,middle_residual,120,0.667239
B1_full_sharing,middle_residual,130,0.665279
B1_full_sharing,middle_residual,140,0.668015
B1_full_sharing,middle_residual,150,0.666387
B1_full_sharing,middle_residual,160,0.666169
B1_full_sharing,middle_residual,170,0.672453
B1_full_sharing,middle_residual,180,0.667897
B1_full_sharing,middle_residual,190,0.667056
B1_full_sharing,middle_residual,200,0.663221
B1_full_sharing,middle_residual,210,0.664783
B1_full_sharing,middle_residual,220,0.668358
B1_full_sharing,middle_residual,230,0.666568
B1_full_sharing,middle_residual,240,0.66363
B1_full_sharing,middle_residual,250,0.665582
B1_full_sharing,middle_residual,260,0.665942
B1_full_sharing,middle_residual,270,0.66621
B1_full_sharing,middle_residual,280,0.662321
B1_full_sharing,middle_residual,290,0.661369
B1_full_sharing,middle_residual,300,0.663465
B1_full_sharing,middle_residual,310,0.664154
B1_full_sharing,middle_residual,320,0.664843
B1_full_sharing,middle_residual,330,0.665181
B1_full_sharing,middle_residual,340,0.665651
B1_full_sharing,middle_residual,350,0.665981
B1_full_sharing,policy_head,10,-1e-06
B1_full_sharing,policy_head,20,-2e-06
B1_full_sharing,policy_head,30,-1e-06
B1_full_sharing,policy_head,40,-3e-06
B1_full_sharing,policy_head,50,-2e-06
B1_full_sharing,policy_head,60,-2e-06
B1_full_sharing,policy_head,70,-4e-06
B1_full_sharing,policy_head,90,-3e-06
B1_full_sharing,policy_head,100,-3e-06
B1_full_sharing,policy_head,110,-4e-06
B1_full_sharing,policy_head,120,-4e-06
B1_full_sharing,policy_head,130,-3e-06
B1_full_sharing,policy_head,140,-3e-06
B1_full_sharing,policy_head,150,-3e-06
B1_full_sharing,policy_head,160,-3e-06
B1_full_sharing,policy_head,170,-3e-06
B1_full_sharing,policy_head,180,-4e-06
B1_full_sharing,policy_head,190,-4e-06
B1_full_sharing,policy_head,200,-4e-06
B1_full_sharing,policy_head,210,-4e-06
B1_full_sharing,policy_head,220,-4e-06
B1_full_sharing,policy_head,230,-4e-06
B1_full_sharing,policy_head,240,-3e-06
B1_full_sharing,policy_head,250,-3e-06
B1_full_sharing,policy_head,260,-3e-06
B1_full_sharing,policy_head,270,-3e-06
B1_full_sharing,policy_head,280,-3e-06
B1_full_sharing,policy_head,290,-3e-06
B1_full_sharing,policy_head,300,-3e-06
B1_full_sharing,policy_head,310,-3e-06
B1_full_sharing,policy_head,320,-3e-06
B1_full_sharing,policy_head,330,-3e-06
B1_full_sharing,policy_head,340,-3e-06
B1_full_sharing,policy_head,350,-3e-06
B1_full_sharing,value_head,10,0.0
B1_full_sharing,value_head,20,0.0
B1_full_sharing,value_head,30,-0.0
B1_full_sharing,value_head,40,-0.0
B1_full_sharing,value_head,50,0.0
B1_full_sharing,value_head,60,-0.0
B1_full_sharing,value_head,70,-0.0
B1_full_sharing,value_head,90,-0.0
B1_full_sharing,value_head,100,0.0
B1_full_sharing,value_head,110,-0.0
B1_full_sharing,value_head,120,-0.0
B1_full_sharing,value_head,130,-0.0
B1_full_sharing,value_head,140,0.0
B1_full_sharing,value_head,150,0.0
B1_full_sharing,value_head,160,-0.0
B1_full_sharing,value_head,170,0.0
B1_full_sharing,value_head,180,-0.0
B1_full_sharing,value_head,190,-0.0
B1_full_sharing,value_head,200,0.0
B1_full_sharing,value_head,210,-0.0
B1_full_sharing,value_head,220,0.0
B1_full_sharing,value_head,230,0.0
B1_full_sharing,value_head,240,0.0
B1_full_sharing,value_head,250,0.0
B1_full_sharing,value_head,260,0.0
B1_full_sharing,value_head,270,0.0
B1_full_sharing,value_head,280,0.0
B1_full_sharing,value_head,290,0.0
B1_full_sharing,value_head,300,0.0
B1_full_sharing,value_head,310,-0.0
B1_full_sharing,value_head,320,-0.0
B1_full_sharing,value_head,330,-0.0
B1_full_sharing,value_head,340,-0.0
B1_full_sharing,value_head,350,-0.0
B2_no_sharing,input_block,10,0.891618
B2_no_sharing,input_block,20,0.839354
B2_no_sharing,input_block,30,0.839585
B2_no_sharing,input_block,40,0.862044
B2_no_sharing,input_block,50,0.883855
B2_no_sharing,input_block,60,0.889435
B2_no_sharing,input_block,70,0.913773
B2_no_sharing,input_block,80,0.920916
B2_no_sharing,input_block,90,0.927413
B2_no_sharing,input_block,100,0.933055
B2_no_sharing,input_block,110,0.944668
B2_no_sharing,input_block,120,0.943676
B2_no_sharing,input_block,130,0.949138
B2_no_sharing,input_block,140,0.946094
B2_no_sharing,input_block,150,0.961045
B2_no_sharing,input_block,160,0.960729
B2_no_sharing,input_block,170,0.959256
B2_no_sharing,input_block,180,0.965042
B2_no_sharing,input_block,190,0.958047
B2_no_sharing,input_block,200,0.965463
B2_no_sharing,input_block,210,0.9624
B2_no_sharing,input_block,220,0.96366
B2_no_sharing,input_block,230,0.970329
B2_no_sharing,input_block,240,0.97393
B2_no_sharing,input_block,250,0.974
B2_no_sharing,input_block,260,0.972964
B2_no_sharing,input_block,270,0.978402
B2_no_sharing,input_block,280,0.97569
B2_no_sharing,input_block,290,0.975462
B2_no_sharing,input_block,300,0.976774
B2_no_sharing,input_block,310,0.975093
B2_no_sharing,input_block,320,0.974166
B2_no_sharing,input_block,330,0.972961
B2_no_sharing,input_block,340,0.97368
B2_no_sharing,input_block,350,0.972176
B2_no_sharing,early_residual,10,0.617219
B2_no_sharing,early_residual,20,0.63183
B2_no_sharing,early_residual,30,0.644793
B2_no_sharing,early_residual,40,0.648323
B2_no_sharing,early_residual,50,0.652437
B2_no_sharing,early_residual,60,0.655268
B2_no_sharing,early_residual,70,0.656447
B2_no_sharing,early_residual,80,0.658407
B2_no_sharing,early_residual,90,0.665029
B2_no_sharing,early_residual,100,0.669642
B2_no_sharing,early_residual,110,0.674421
B2_no_sharing,early_residual,120,0.678005
B2_no_sharing,early_residual,130,0.68218
B2_no_sharing,early_residual,140,0.684094
B2_no_sharing,early_residual,150,0.689804
B2_no_sharing,early_residual,160,0.693542
B2_no_sharing,early_residual,170,0.695661
B2_no_sharing,early_residual,180,0.699391
B2_no_sharing,early_residual,190,0.701456
B2_no_sharing,early_residual,200,0.704726
B2_no_sharing,early_residual,210,0.708808
B2_no_sharing,early_residual,220,0.710669
B2_no_sharing,early_residual,230,0.713634
B2_no_sharing,early_residual,240,0.7177
B2_no_sharing,early_residual,250,0.719284
B2_no_sharing,early_residual,260,0.719635
B2_no_sharing,early_residual,270,0.720662
B2_no_sharing,early_residual,280,0.720392
B2_no_sharing,early_residual,290,0.720764
B2_no_sharing,early_residual,300,0.721205
B2_no_sharing,early_residual,310,0.721559
B2_no_sharing,early_residual,320,0.721092
B2_no_sharing,early_residual,330,0.721478
B2_no_sharing,early_residual,340,0.722545
B2_no_sharing,early_residual,350,0.722864
B2_no_sharing,middle_residual,10,0.72274
B2_no_sharing,middle_residual,20,0.720997
B2_no_sharing,middle_residual,30,0.726333
B2_no_sharing,middle_residual,40,0.715721
B2_no_sharing,middle_residual,50,0.715362
B2_no_sharing,middle_residual,60,0.730979
B2_no_sharing,middle_residual,70,0.757879
B2_no_sharing,middle_residual,80,0.779181
B2_no_sharing,middle_residual,90,0.797393
B2_no_sharing,middle_residual,100,0.814689
B2_no_sharing,middle_residual,110,0.826703
B2_no_sharing,middle_residual,120,0.843649
B2_no_sharing,middle_residual,130,0.85889
B2_no_sharing,middle_residual,140,0.862336
B2_no_sharing,middle_residual,150,0.86786
B2_no_sharing,middle_residual,160,0.877511
B2_no_sharing,middle_residual,170,0.884332
B2_no_sharing,middle_residual,180,0.888123
B2_no_sharing,middle_residual,190,0.889208
B2_no_sharing,middle_residual,200,0.895963
B2_no_sharing,middle_residual,210,0.901851
B2_no_sharing,middle_residual,220,0.906244
B2_no_sharing,middle_residual,230,0.911585
B2_no_sharing,middle_residual,240,0.912361
B2_no_sharing,middle_residual,250,0.916588
B2_no_sharing,middle_residual,260,0.916104
B2_no_sharing,middle_residual,270,0.919662
B2_no_sharing,middle_residual,280,0.917417
B2_no_sharing,middle_residual,290,0.917954
B2_no_sharing,middle_residual,300,0.919673
B2_no_sharing,middle_residual,310,0.91908
B2_no_sharing,middle_residual,320,0.918248
B2_no_sharing,middle_residual,330,0.917756
B2_no_sharing,middle_residual,340,0.919841
B2_no_sharing,middle_residual,350,0.920344
B2_no_sharing,policy_head,10,0.315527
B2_no_sharing,policy_head,20,0.305115
B2_no_sharing,policy_head,30,0.299071
B2_no_sharing,policy_head,40,0.294007
B2_no_sharing,policy_head,50,0.287877
B2_no_sharing,policy_head,60,0.28215
B2_no_sharing,policy_head,70,0.276596
B2_no_sharing,policy_head,80,0.27127
B2_no_sharing,policy_head,90,0.266404
B2_no_sharing,policy_head,100,0.261873
B2_no_sharing,policy_head,110,0.257659
B2_no_sharing,policy_head,120,0.254405
B2_no_sharing,policy_head,130,0.251536
B2_no_sharing,policy_head,140,0.248668
B2_no_sharing,policy_head,150,0.246048
B2_no_sharing,policy_head,160,0.243153
B2_no_sharing,policy_head,170,0.241295
B2_no_sharing,policy_head,180,0.239385
B2_no_sharing,policy_head,190,0.238109
B2_no_sharing,policy_head,200,0.236367
B2_no_sharing,policy_head,210,0.235506
B2_no_sharing,policy_head,220,0.234262
B2_no_sharing,policy_head,230,0.233089
B2_no_sharing,policy_head,240,0.23161
B2_no_sharing,policy_head,250,0.230888
B2_no_sharing,policy_head,260,0.230103
B2_no_sharing,policy_head,270,0.229103
B2_no_sharing,policy_head,280,0.229033
B2_no_sharing,policy_head,290,0.228641
B2_no_sharing,policy_head,300,0.228292
B2_no_sharing,policy_head,310,0.228261
B2_no_sharing,policy_head,320,0.228224
B2_no_sharing,policy_head,330,0.228194
B2_no_sharing,policy_head,340,0.228103
B2_no_sharing,policy_head,350,0.228079
B2_no_sharing,value_head,10,1.091856
B2_no_sharing,value_head,20,1.074486
B2_no_sharing,value_head,30,1.062867
B2_no_sharing,value_head,40,1.103551
B2_no_sharing,value_head,50,1.149105
B2_no_sharing,value_head,60,1.128383
B2_no_sharing,value_head,70,1.15473
B2_no_sharing,value_head,80,1.163526
B2_no_sharing,value_head,90,1.141521
B2_no_sharing,value_head,100,1.129314
B2_no_sharing,value_head,110,1.151935
B2_no_sharing,value_head,120,1.174756
B2_no_sharing,value_head,130,1.144535
B2_no_sharing,value_head,140,1.178461
B2_no_sharing,value_head,150,1.197021
B2_no_sharing,value_head,160,1.1916
B2_no_sharing,value_head,170,1.176061
B2_no_sharing,value_head,180,1.197983
B2_no_sharing,value_head,190,1.165694
B2_no_sharing,value_head,200,1.192776
B2_no_sharing,value_head,210,1.20983
B2_no_sharing,value_head,220,1.216038
B2_no_sharing,value_head,230,1.211219
B2_no_sharing,value_head,240,1.22713
B2_no_sharing,value_head,250,1.215028
B2_no_sharing,value_head,260,1.180276
B2_no_sharing,value_head,270,1.2104
B2_no_sharing,value_head,280,0.742739
B2_no_sharing,value_head,290,0.741101
B2_no_sharing,value_head,300,1.147739
B2_no_sharing,value_head,310,0.740718
B2_no_sharing,value_head,320,0.739151
B2_no_sharing,value_head,330,0.73812
B2_no_sharing,value_head,340,0.737028
B2_no_sharing,value_head,350,0.736605
P1_share_early,input_block,10,-1e-06
P1_share_early,input_block,20,-1e-06
P1_share_early,input_block,30,-1e-06
P1_share_early,input_block,40,-1e-06
P1_share_early,input_block,50,-1e-06
P1_share_early,input_block,60,-1e-06
P1_share_early,input_block,70,-1e-06
P1_share_early,input_block,80,-1e-06
P1_share_early,input_block,90,-1e-06
P1_share_early,input_block,100,-1e-06
P1_share_early,input_block,110,-1e-06
P1_share_early,input_block,120,-1e-06
P1_share_early,input_block,130,-1e-06
P1_share_early,input_block,140,-1e-06
P1_share_early,input_block,150,-1e-06
P1_share_early,input_block,160,-1e-06
P1_share_early,input_block,170,-1e-06
P1_share_early,input_block,180,-1e-06
P1_share_early,input_block,190,-1e-06
P1_share_early,input_block,200,-1e-06
P1_share_early,input_block,210,-1e-06
P1_share_early,input_block,220,-1e-06
P1_share_early,input_block,230,-1e-06
P1_share_early,input_block,240,-1e-06
P1_share_early,input_block,250,-1e-06
P1_share_early,input_block,260,-1e-06
P1_share_early,input_block,270,-1e-06
P1_share_early,input_block,280,-1e-06
P1_share_early,input_block,290,-1e-06
P1_share_early,input_block,300,-1e-06
P1_share_early,input_block,310,-1e-06
P1_share_early,input_block,320,-1e-06
P1_share_early,input_block,330,-1e-06
P1_share_early,input_block,340,-1e-06
P1_share_early,input_block,350,-1e-06
P1_share_early,early_residual,10,0.619888
P1_share_early,early_residual,20,0.625109
P1_share_early,early_residual,30,0.6296
P1_share_early,early_residual,40,0.631896
P1_share_early,early_residual,50,0.63463
P1_share_early,early_residual,60,0.635274
P1_share_early,early_residual,70,0.641447
P1_share_early,early_residual,80,0.648216
P1_share_early,early_residual,90,0.653931
P1_share_early,early_residual,100,0.659598
P1_share_early,early_residual,110,0.663277
P1_share_early,early_residual,120,0.668677
P1_share_early,early_residual,130,0.675506
P1_share_early,early_residual,140,0.678794
P1_share_early,early_residual,150,0.683422
P1_share_early,early_residual,160,0.688112
P1_share_early,early_residual,170,0.691956
P1_share_early,early_residual,180,0.6962
P1_share_early,early_residual,190,0.700655
P1_share_early,early_residual,200,0.702187
P1_share_early,early_residual,210,0.706302
P1_share_early,early_residual,220,0.709391
P1_share_early,early_residual,230,0.71
P1_share_early,early_residual,240,0.714806
P1_share_early,early_residual,250,0.715637
P1_share_early,early_residual,260,0.720691
P1_share_early,early_residual,270,0.720043
P1_share_early,early_residual,280,0.721799
P1_share_early,early_residual,290,0.723347
P1_share_early,early_residual,300,0.725384
P1_share_early,early_residual,310,0.726867
P1_share_early,early_residual,320,0.728339
P1_share_early,early_residual,330,0.728915
P1_share_early,early_residual,340,0.730025
P1_share_early,early_residual,350,0.729045
P1_share_early,middle_residual,10,0.714013
P1_share_early,middle_residual,20,0.733748
P1_share_early,middle_residual,30,0.743987
P1_share_early,middle_residual,40,0.733294
P1_share_early,middle_residual,50,0.731527
P1_share_early,middle_residual,60,0.73313
P1_share_early,middle_residual,70,0.751814
P1_share_early,middle_residual,80,0.771321
P1_share_early,middle_residual,90,0.786376
P1_share_early,middle_residual,100,0.802112
P1_share_early,middle_residual,110,0.815237
P1_share_early,middle_residual,120,0.824113
P1_share_early,middle_residual,130,0.83334
P1_share_early,middle_residual,140,0.849367
P1_share_early,middle_residual,150,0.857942
P1_share_early,middle_residual,160,0.865905
P1_share_early,middle_residual,170,0.872992
P1_share_early,middle_residual,180,0.87506
P1_share_early,middle_residual,190,0.883023
P1_share_early,middle_residual,200,0.892948
P1_share_early,middle_residual,210,0.898544
P1_share_early,middle_residual,220,0.901282
P1_share_early,middle_residual,230,0.90308
P1_share_early,middle_residual,240,0.904001
P1_share_early,middle_residual,250,0.908263
P1_share_early,middle_residual,260,0.91628
P1_share_early,middle_residual,270,0.916715
P1_share_early,middle_residual,280,0.912075
P1_share_early,middle_residual,290,0.913645
P1_share_early,middle_residual,300,0.91552
P1_share_early,middle_residual,310,0.91502
P1_share_early,middle_residual,320,0.915923
P1_share_early,middle_residual,330,0.91572
P1_share_early,middle_residual,340,0.915967
P1_share_early,middle_residual,350,0.91392
P1_share_early,policy_head,10,0.289642
P1_share_early,policy_head,20,0.282949
P1_share_early,policy_head,30,0.279115
P1_share_early,policy_head,40,0.276636
P1_share_early,policy_head,50,0.272975
P1_share_early,policy_head,60,0.269301
P1_share_early,policy_head,70,0.265608
P1_share_early,policy_head,80,0.262225
P1_share_early,policy_head,90,0.257948
P1_share_early,policy_head,100,0.253645
P1_share_early,policy_head,110,0.250531
P1_share_early,policy_head,120,0.246764
P1_share_early,policy_head,130,0.243351
P1_share_early,policy_head,140,0.239308
P1_share_early,policy_head,150,0.236331
P1_share_early,policy_head,160,0.234534
P1_share_early,policy_head,170,0.231887
P1_share_early,policy_head,180,0.229043
P1_share_early,policy_head,190,0.227108
P1_share_early,policy_head,200,0.225156
P1_share_early,policy_head,210,0.22322
P1_share_early,policy_head,220,0.221724
P1_share_early,policy_head,230,0.219702
P1_share_early,policy_head,240,0.218731
P1_share_early,policy_head,250,0.217518
P1_share_early,policy_head,260,0.21691
P1_share_early,policy_head,270,0.216546
P1_share_early,policy_head,280,0.215589
P1_share_early,policy_head,290,0.215258
P1_share_early,policy_head,300,0.214799
P1_share_early,policy_head,310,0.214155
P1_share_early,policy_head,320,0.214123
P1_share_early,policy_head,330,0.213942
P1_share_early,policy_head,340,0.213823
P1_share_early,policy_head,350,0.213827
P1_share_early,value_head,10,0.609067
P1_share_early,value_head,20,0.619195
P1_share_early,value_head,30,1.104505
P1_share_early,value_head,40,1.111358
P1_share_early,value_head,50,1.036901
P1_share_early,value_head,60,0.632856
P1_share_early,value_head,70,0.638725
P1_share_early,value_head,80,1.043747
P1_share_early,value_head,90,0.646671
P1_share_early,value_head,100,1.088822
P1_share_early,value_head,110,1.13953
P1_share_early,value_head,120,1.07532
P1_share_early,value_head,130,1.137612
P1_share_early,value_head,140,1.155742
P1_share_early,value_head,150,1.12952
P1_share_early,value_head,160,1.159826
P1_share_early,value_head,170,1.162973
P1_share_early,value_head,180,0.695836
P1_share_early,value_head,190,0.701905
P1_share_early,value_head,200,1.162546
P1_share_early,value_head,210,0.708628
P1_share_early,value_head,220,0.716393
P1_share_early,value_head,230,1.175159
P1_share_early,value_head,240,0.715657
P1_share_early,value_head,250,0.719754
P1_share_early,value_head,260,0.715361
P1_share_early,value_head,270,0.715115
P1_share_early,value_head,280,0.721013
P1_share_early,value_head,290,1.174321
P1_share_early,value_head,300,1.189819
P1_share_early,value_head,310,1.173911
P1_share_early,value_head,320,1.178085
P1_share_early,value_head,330,1.191911
P1_share_early,value_head,340,1.192672
P1_share_early,value_head,350,1.182483
P2_share_middle,input_block,10,0.864089
P2_share_middle,input_block,20,0.784793
P2_share_middle,input_block,30,0.788785
P2_share_middle,input_block,40,0.812934
P2_share_middle,input_block,50,0.826096
P2_share_middle,input_block,60,0.852908
P2_share_middle,input_block,70,0.869515
P2_share_middle,input_block,80,0.888532
P2_share_middle,input_block,90,0.895923
P2_share_middle,input_block,100,0.918622
P2_share_middle,input_block,110,0.918748
P2_share_middle,input_block,120,0.936703
P2_share_middle,input_block,130,0.938619
P2_share_middle,input_block,140,0.939123
P2_share_middle,input_block,150,0.946814
P2_share_middle,input_block,160,0.946967
P2_share_middle,input_block,170,0.948755
P2_share_middle,input_block,180,0.951689
P2_share_middle,input_block,190,0.954276
P2_share_middle,input_block,200,0.948642
P2_share_middle,input_block,210,0.955185
P2_share_middle,input_block,220,0.955493
P2_share_middle,input_block,230,0.952133
P2_share_middle,input_block,240,0.957007
P2_share_middle,input_block,250,0.955133
P2_share_middle,input_block,260,0.958167
P2_share_middle,input_block,270,0.957177
P2_share_middle,input_block,280,0.958083
P2_share_middle,input_block,290,0.958225
P2_share_middle,input_block,300,0.958072
P2_share_middle,input_block,310,0.954746
P2_share_middle,input_block,320,0.956822
P2_share_middle,input_block,330,0.955331
P2_share_middle,input_block,340,0.952927
P2_share_middle,input_block,350,0.955858
P2_share_middle,early_residual,10,0.628335
P2_share_middle,early_residual,20,0.637114
P2_share_middle,early_residual,30,0.646331
P2_share_middle,early_residual,40,0.646933
P2_share_middle,early_residual,50,0.64617
P2_share_middle,early_residual,60,0.648262
P2_share_middle,early_residual,70,0.654253
P2_share_middle,early_residual,80,0.657142
P2_share_middle,early_residual,90,0.66272
P2_share_middle,early_residual,100,0.666519
P2_share_middle,early_residual,110,0.669448
P2_share_middle,early_residual,120,0.675574
P2_share_middle,early_residual,130,0.678989
P2_share_middle,early_residual,140,0.683252
P2_share_middle,early_residual,150,0.687753
P2_share_middle,early_residual,160,0.689322
P2_share_middle,early_residual,170,0.692902
P2_share_middle,early_residual,180,0.695102
P2_share_middle,early_residual,190,0.697522
P2_share_middle,early_residual,200,0.701846
P2_share_middle,early_residual,210,0.705513
P2_share_middle,early_residual,220,0.704845
P2_share_middle,early_residual,230,0.710006
P2_share_middle,early_residual,240,0.711925
P2_share_middle,early_residual,250,0.71293
P2_share_middle,early_residual,260,0.71414
P2_share_middle,early_residual,270,0.714353
P2_share_middle,early_residual,280,0.715951
P2_share_middle,early_residual,290,0.716822
P2_share_middle,early_residual,300,0.718365
P2_share_middle,early_residual,310,0.719606
P2_share_middle,early_residual,320,0.719932
P2_share_middle,early_residual,330,0.720392
P2_share_middle,early_residual,340,0.721473
P2_share_middle,early_residual,350,0.721345
P2_share_middle,middle_residual,10,0.672997
P2_share_middle,middle_residual,20,0.681492
P2_share_middle,middle_residual,30,0.677221
P2_share_middle,middle_residual,40,0.667688
P2_share_middle,middle_residual,50,0.666962
P2_share_middle,middle_residual,60,0.672204
P2_share_middle,middle_residual,70,0.686379
P2_share_middle,middle_residual,80,0.688215
P2_share_middle,middle_residual,90,0.694219
P2_share_middle,middle_residual,100,0.706729
P2_share_middle,middle_residual,110,0.716634
P2_share_middle,middle_residual,120,0.722725
P2_share_middle,middle_residual,130,0.736888
P2_share_middle,middle_residual,140,0.747187
P2_share_middle,middle_residual,150,0.757444
P2_share_middle,middle_residual,160,0.761275
P2_share_middle,middle_residual,170,0.765104
P2_share_middle,middle_residual,180,0.770195
P2_share_middle,middle_residual,190,0.774801
P2_share_middle,middle_residual,200,0.782048
P2_share_middle,middle_residual,210,0.791869
P2_share_middle,middle_residual,220,0.791411
P2_share_middle,middle_residual,230,0.795769
P2_share_middle,middle_residual,240,0.799765
P2_share_middle,middle_residual,250,0.798267
P2_share_middle,middle_residual,260,0.798241
P2_share_middle,middle_residual,270,0.797634
P2_share_middle,middle_residual,280,0.798032
P2_share_middle,middle_residual,290,0.797241
P2_share_middle,middle_residual,300,0.797442
P2_share_middle,middle_residual,310,0.798009
P2_share_middle,middle_residual,320,0.799939
P2_share_middle,middle_residual,330,0.799821
P2_share_middle,middle_residual,340,0.803456
P2_share_middle,middle_residual,350,0.8033
P2_share_middle,policy_head,10,0.316545
P2_share_middle,policy_head,20,0.310986
P2_share_middle,policy_head,30,0.304019
P2_share_middle,policy_head,40,0.296879
P2_share_middle,policy_head,50,0.289516
P2_share_middle,policy_head,60,0.283779
P2_share_middle,policy_head,70,0.27743
P2_share_middle,policy_head,80,0.271867
P2_share_middle,policy_head,90,0.26741
P2_share_middle,policy_head,100,0.26244
P2_share_middle,policy_head,110,0.25823
P2_share_middle,policy_head,120,0.254494
P2_share_middle,policy_head,130,0.251104
P2_share_middle,policy_head,140,0.248203
P2_share_middle,policy_head,150,0.245343
P2_share_middle,policy_head,160,0.242577
P2_share_middle,policy_head,170,0.239852
P2_share_middle,policy_head,180,0.237384
P2_share_middle,policy_head,190,0.236295
P2_share_middle,policy_head,200,0.233989
P2_share_middle,policy_head,210,0.233094
P2_share_middle,policy_head,220,0.231497
P2_share_middle,policy_head,230,0.230336
P2_share_middle,policy_head,240,0.229156
P2_share_middle,policy_head,250,0.228146
P2_share_middle,policy_head,260,0.227019
P2_share_middle,policy_head,270,0.226264
P2_share_middle,policy_head,280,0.226044
P2_share_middle,policy_head,290,0.225796
P2_share_middle,policy_head,300,0.225544
P2_share_middle,policy_head,310,0.225314
P2_share_middle,policy_head,320,0.225039
P2_share_middle,policy_head,330,0.224657
P2_share_middle,policy_head,340,0.224985
P2_share_middle,policy_head,350,0.224726
P2_share_middle,value_head,10,1.116132
P2_share_middle,value_head,20,1.490887
P2_share_middle,value_head,30,1.062533
P2_share_middle,value_head,40,1.065902
P2_share_middle,value_head,50,0.675944
P2_share_middle,value_head,60,0.686013
P2_share_middle,value_head,70,0.693799
P2_share_middle,value_head,80,0.703948
P2_share_middle,value_head,90,0.711612
P2_share_middle,value_head,100,0.713811
P2_share_middle,value_head,110,0.724894
P2_share_middle,value_head,120,1.139028
P2_share_middle,value_head,130,0.726137
P2_share_middle,value_head,140,0.732923
P2_share_middle,value_head,150,0.739645
P2_share_middle,value_head,160,0.74184
P2_share_middle,value_head,170,0.742838
P2_share_middle,value_head,180,0.747454
P2_share_middle,value_head,190,0.750882
P2_share_middle,value_head,200,0.752866
P2_share_middle,value_head,210,0.757486
P2_share_middle,value_head,220,1.17038
P2_share_middle,value_head,230,0.765545
P2_share_middle,value_head,240,0.765272
P2_share_middle,value_head,250,1.164885
P2_share_middle,value_head,260,0.765176
P2_share_middle,value_head,270,1.172619
P2_share_middle,value_head,280,1.585685
P2_share_middle,value_head,290,1.589529
P2_share_middle,value_head,300,1.200754
P2_share_middle,value_head,310,1.202597
P2_share_middle,value_head,320,1.186748
P2_share_middle,value_head,330,1.584792
P2_share_middle,value_head,340,1.575959
P2_share_middle,value_head,350,1.57232
P3_share_late,input_block,10,0.800754
P3_share_late,input_block,20,0.725221
P3_share_late,input_block,30,0.711927
P3_share_late,input_block,40,0.720269
P3_share_late,input_block,50,0.728817
P3_share_late,input_block,60,0.733932
P3_share_late,input_block,70,0.746332
P3_share_late,input_block,80,0.746646
P3_share_late,input_block,90,0.750139
P3_share_late,input_block,100,0.768436
P3_share_late,input_block,110,0.769124
P3_share_late,input_block,120,0.778868
P3_share_late,input_block,130,0.778651
P3_share_late,input_block,140,0.778147
P3_share_late,input_block,150,0.793474
P3_share_late,input_block,160,0.790947
P3_share_late,input_block,170,0.791359
P3_share_late,input_block,180,0.793436
P3_share_late,input_block,190,0.801517
P3_share_late,input_block,200,0.800402
P3_share_late,input_block,210,0.810741
P3_share_late,input_block,220,0.805478
P3_share_late,input_block,230,0.809977
P3_share_late,input_block,240,0.811214
P3_share_late,input_block,250,0.815044
P3_share_late,input_block,260,0.823688
P3_share_late,input_block,270,0.814976
P3_share_late,input_block,280,0.817606
P3_share_late,input_block,290,0.819934
P3_share_late,input_block,300,0.819946
P3_share_late,input_block,310,0.820807
P3_share_late,input_block,320,0.821061
P3_share_late,input_block,330,0.821136
P3_share_late,input_block,340,0.820809
P3_share_late,input_block,350,0.819142
P3_share_late,early_residual,10,0.562542
P3_share_late,early_residual,20,0.539233
P3_share_late,early_residual,30,0.529789
P3_share_late,early_residual,40,0.528646
P3_share_late,early_residual,50,0.526912
P3_share_late,early_residual,60,0.526619
P3_share_late,early_residual,70,0.530538
P3_share_late,early_residual,80,0.530804
P3_share_late,early_residual,90,0.535493
P3_share_late,early_residual,100,0.538083
P3_share_late,early_residual,110,0.541336
P3_share_late,early_residual,120,0.546143
P3_share_late,early_residual,130,0.54949
P3_share_late,early_residual,140,0.551029
P3_share_late,early_residual,150,0.554096
P3_share_late,early_residual,160,0.556612
P3_share_late,early_residual,170,0.559981
P3_share_late,early_residual,180,0.563996
P3_share_late,early_residual,190,0.56634
P3_share_late,early_residual,200,0.569234
P3_share_late,early_residual,210,0.571449
P3_share_late,early_residual,220,0.573367
P3_share_late,early_residual,230,0.575892
P3_share_late,early_residual,240,0.577798
P3_share_late,early_residual,250,0.580183
P3_share_late,early_residual,260,0.582473
P3_share_late,early_residual,270,0.581303
P3_share_late,early_residual,280,0.582794
P3_share_late,early_residual,290,0.584627
P3_share_late,early_residual,300,0.586374
P3_share_late,early_residual,310,0.588005
P3_share_late,early_residual,320,0.589527
P3_share_late,early_residual,330,0.589908
P3_share_late,early_residual,340,0.59034
P3_share_late,early_residual,350,0.589831
P3_share_late,middle_residual,10,0.68851
P3_share_late,middle_residual,20,0.672103
P3_share_late,middle_residual,30,0.663363
P3_share_late,middle_residual,40,0.662865
P3_share_late,middle_residual,50,0.65648
P3_share_late,middle_residual,60,0.659877
P3_share_late,middle_residual,70,0.671041
P3_share_late,middle_residual,80,0.679978
P3_share_late,middle_residual,90,0.693441
P3_share_late,middle_residual,100,0.702066
P3_share_late,middle_residual,110,0.71499
P3_share_late,middle_residual,120,0.723219
P3_share_late,middle_residual,130,0.737971
P3_share_late,middle_residual,140,0.740825
P3_share_late,middle_residual,150,0.747897
P3_share_late,middle_residual,160,0.757506
P3_share_late,middle_residual,170,0.762259
P3_share_late,middle_residual,180,0.764887
P3_share_late,middle_residual,190,0.772264
P3_share_late,middle_residual,200,0.778888
P3_share_late,middle_residual,210,0.783736
P3_share_late,middle_residual,220,0.788077
P3_share_late,middle_residual,230,0.791686
P3_share_late,middle_residual,240,0.792791
P3_share_late,middle_residual,250,0.800494
P3_share_late,middle_residual,260,0.803106
P3_share_late,middle_residual,270,0.80359
P3_share_late,middle_residual,280,0.80609
P3_share_late,middle_residual,290,0.807207
P3_share_late,middle_residual,300,0.808435
P3_share_late,middle_residual,310,0.812095
P3_share_late,middle_residual,320,0.812463
P3_share_late,middle_residual,330,0.813051
P3_share_late,middle_residual,340,0.813293
P3_share_late,middle_residual,350,0.81292
P3_share_late,policy_head,10,-1e-06
P3_share_late,policy_head,20,-2e-06
P3_share_late,policy_head,30,-1e-06
P3_share_late,policy_head,40,-2e-06
P3_share_late,policy_head,50,-2e-06
P3_share_late,policy_head,60,-2e-06
P3_share_late,policy_head,70,-3e-06
P3_share_late,policy_head,80,-3e-06
P3_share_late,policy_head,90,-2e-06
P3_share_late,policy_head,100,-2e-06
P3_share_late,policy_head,110,-3e-06
P3_share_late,policy_head,120,-4e-06
P3_share_late,policy_head,130,-3e-06
P3_share_late,policy_head,140,-3e-06
P3_share_late,policy_head,150,-3e-06
P3_share_late,policy_head,160,-3e-06
P3_share_late,policy_head,170,-3e-06
P3_share_late,policy_head,180,-4e-06
P3_share_late,policy_head,190,-4e-06
P3_share_late,policy_head,200,-4e-06
P3_share_late,policy_head,210,-4e-06
P3_share_late,policy_head,220,-4e-06
P3_share_late,policy_head,230,-3e-06
P3_share_late,policy_head,240,-4e-06
P3_share_late,policy_head,250,-3e-06
P3_share_late,policy_head,260,-3e-06
P3_share_late,policy_head,270,-3e-06
P3_share_late,policy_head,280,-3e-06
P3_share_late,policy_head,290,-3e-06
P3_share_late,policy_head,300,-3e-06
P3_share_late,policy_head,310,-3e-06
P3_share_late,policy_head,320,-3e-06
P3_share_late,policy_head,330,-3e-06
P3_share_late,policy_head,340,-3e-06
P3_share_late,policy_head,350,-3e-06
P3_share_late,value_head,10,-0.0
P3_share_late,value_head,20,-0.0
P3_share_late,value_head,30,-0.0
P3_share_late,value_head,40,0.0
P3_share_late,value_head,50,0.0
P3_share_late,value_head,60,-0.0
P3_share_late,value_head,70,-0.0
P3_share_late,value_head,80,-0.0
P3_share_late,value_head,90,-0.0
P3_share_late,value_head,100,-0.0
P3_share_late,value_head,110,0.0
P3_share_late,value_head,120,0.0
P3_share_late,value_head,130,-0.0
P3_share_late,value_head,140,-0.0
P3_share_late,value_head,150,0.0
P3_share_late,value_head,160,-0.0
P3_share_late,value_head,170,0.0
P3_share_late,value_head,180,0.0
P3_share_late,value_head,190,0.0
P3_share_late,value_head,200,-0.0
P3_share_late,value_head,210,0.0
P3_share_late,value_head,220,-0.0
P3_share_late,value_head,230,-0.0
P3_share_late,value_head,240,0.0
P3_share_late,value_head,250,-0.0
P3_share_late,value_head,260,-0.0
P3_share_late,value_head,270,-0.0
P3_share_late,value_head,280,-0.0
P3_share_late,value_head,290,-0.0
P3_share_late,value_head,300,-0.0
P3_share_late,value_head,310,-0.0
P3_share_late,value_head,320,-0.0
P3_share_late,value_head,330,-0.0
P3_share_late,value_head,340,-0.0
P3_share_late,value_head,350,-0.0
P4_share_backbone,input_block,10,-1e-06
P4_share_backbone,input_block,20,-1e-06
P4_share_backbone,input_block,30,-1e-06
P4_share_backbone,input_block,40,-1e-06
P4_share_backbone,input_block,50,-1e-06
P4_share_backbone,input_block,60,-1e-06
P4_share_backbone,input_block,70,-1e-06
P4_share_backbone,input_block,80,-1e-06
P4_share_backbone,input_block,90,-1e-06
P4_share_backbone,input_block,100,-1e-06
P4_share_backbone,input_block,110,-2e-06
P4_share_backbone,input_block,120,-1e-06
P4_share_backbone,input_block,130,-1e-06
P4_share_backbone,input_block,140,-1e-06
P4_share_backbone,input_block,150,-1e-06
P4_share_backbone,input_block,160,-1e-06
P4_share_backbone,input_block,170,-1e-06
P4_share_backbone,input_block,180,-1e-06
P4_share_backbone,input_block,190,-1e-06
P4_share_backbone,input_block,200,-1e-06
P4_share_backbone,input_block,210,-1e-06
P4_share_backbone,input_block,220,-1e-06
P4_share_backbone,input_block,230,-1e-06
P4_share_backbone,input_block,240,-1e-06
P4_share_backbone,input_block,250,-2e-06
P4_share_backbone,input_block,260,-1e-06
P4_share_backbone,input_block,270,-1e-06
P4_share_backbone,input_block,280,-1e-06
P4_share_backbone,input_block,290,-1e-06
P4_share_backbone,input_block,300,-1e-06
P4_share_backbone,input_block,310,-1e-06
P4_share_backbone,input_block,320,-1e-06
P4_share_backbone,input_block,330,-1e-06
P4_share_backbone,input_block,340,-1e-06
P4_share_backbone,input_block,350,-1e-06
P4_share_backbone,early_residual,10,0.625749
P4_share_backbone,early_residual,20,0.630717
P4_share_backbone,early_residual,30,0.624982
P4_share_backbone,early_residual,40,0.621722
P4_share_backbone,early_residual,50,0.618126
P4_share_backbone,early_residual,60,0.62035
P4_share_backbone,early_residual,70,0.626062
P4_share_backbone,early_residual,80,0.630399
P4_share_backbone,early_residual,90,0.634435
P4_share_backbone,early_residual,100,0.637952
P4_share_backbone,early_residual,110,0.642164
P4_share_backbone,early_residual,120,0.646608
P4_share_backbone,early_residual,130,0.652506
P4_share_backbone,early_residual,140,0.657383
P4_share_backbone,early_residual,150,0.661526
P4_share_backbone,early_residual,160,0.666348
P4_share_backbone,early_residual,170,0.669641
P4_share_backbone,early_residual,180,0.676718
P4_share_backbone,early_residual,190,0.679603
P4_share_backbone,early_residual,200,0.684062
P4_share_backbone,early_residual,210,0.686492
P4_share_backbone,early_residual,220,0.688762
P4_share_backbone,early_residual,230,0.69224
P4_share_backbone,early_residual,240,0.693792
P4_share_backbone,early_residual,250,0.695911
P4_share_backbone,early_residual,260,0.698902
P4_share_backbone,early_residual,270,0.699336
P4_share_backbone,early_residual,280,0.701588
P4_share_backbone,early_residual,290,0.701918
P4_share_backbone,early_residual,300,0.702733
P4_share_backbone,early_residual,310,0.702847
P4_share_backbone,early_residual,320,0.702541
P4_share_backbone,early_residual,330,0.703803
P4_share_backbone,early_residual,340,0.703772
P4_share_backbone,early_residual,350,0.704227
P4_share_backbone,middle_residual,10,0.696795
P4_share_backbone,middle_residual,20,0.700052
P4_share_backbone,middle_residual,30,0.709011
P4_share_backbone,middle_residual,40,0.696911
P4_share_backbone,middle_residual,50,0.700501
P4_share_backbone,middle_residual,60,0.704462
P4_share_backbone,middle_residual,70,0.71065
P4_share_backbone,middle_residual,80,0.722537
P4_share_backbone,middle_residual,90,0.734254
P4_share_backbone,middle_residual,100,0.747747
P4_share_backbone,middle_residual,110,0.764373
P4_share_backbone,middle_residual,120,0.775452
P4_share_backbone,middle_residual,130,0.79017
P4_share_backbone,middle_residual,140,0.798779
P4_share_backbone,middle_residual,150,0.806859
P4_share_backbone,middle_residual,160,0.815047
P4_share_backbone,middle_residual,170,0.826556
P4_share_backbone,middle_residual,180,0.834434
P4_share_backbone,middle_residual,190,0.837135
P4_share_backbone,middle_residual,200,0.840835
P4_share_backbone,middle_residual,210,0.840723
P4_share_backbone,middle_residual,220,0.844043
P4_share_backbone,middle_residual,230,0.849717
P4_share_backbone,middle_residual,240,0.852576
P4_share_backbone,middle_residual,250,0.854117
P4_share_backbone,middle_residual,260,0.856739
P4_share_backbone,middle_residual,270,0.85759
P4_share_backbone,middle_residual,280,0.85779
P4_share_backbone,middle_residual,290,0.862311
P4_share_backbone,middle_residual,300,0.86409
P4_share_backbone,middle_residual,310,0.863404
P4_share_backbone,middle_residual,320,0.863196
P4_share_backbone,middle_residual,330,0.864494
P4_share_backbone,middle_residual,340,0.863829
P4_share_backbone,middle_residual,350,0.863793
P4_share_backbone,policy_head,10,0.287065
P4_share_backbone,policy_head,20,0.277356
P4_share_backbone,policy_head,30,0.273425
P4_share_backbone,policy_head,40,0.270602
P4_share_backbone,policy_head,50,0.265734
P4_share_backbone,policy_head,60,0.262461
P4_share_backbone,policy_head,70,0.25803
P4_share_backbone,policy_head,80,0.253108
P4_share_backbone,policy_head,90,0.24936
P4_share_backbone,policy_head,100,0.245838
P4_share_backbone,policy_head,110,0.241279
P4_share_backbone,policy_head,120,0.23824
P4_share_backbone,policy_head,130,0.234821
P4_share_backbone,policy_head,140,0.231459
P4_share_backbone,policy_head,150,0.229438
P4_share_backbone,policy_head,160,0.226812
P4_share_backbone,policy_head,170,0.224417
P4_share_backbone,policy_head,180,0.223272
P4_share_backbone,policy_head,190,0.221318
P4_share_backbone,policy_head,200,0.219785
P4_share_backbone,policy_head,210,0.218133
P4_share_backbone,policy_head,220,0.217234
P4_share_backbone,policy_head,230,0.215743
P4_share_backbone,policy_head,240,0.214852
P4_share_backbone,policy_head,250,0.214341
P4_share_backbone,policy_head,260,0.21342
P4_share_backbone,policy_head,270,0.212707
P4_share_backbone,policy_head,280,0.212463
P4_share_backbone,policy_head,290,0.211751
P4_share_backbone,policy_head,300,0.211194
P4_share_backbone,policy_head,310,0.211035
P4_share_backbone,policy_head,320,0.211028
P4_share_backbone,policy_head,330,0.210828
P4_share_backbone,policy_head,340,0.210855
P4_share_backbone,policy_head,350,0.210894
P4_share_backbone,value_head,10,0.671839
P4_share_backbone,value_head,20,0.681497
P4_share_backbone,value_head,30,0.67987
P4_share_backbone,value_head,40,0.685965
P4_share_backbone,value_head,50,0.693218
P4_share_backbone,value_head,60,0.6962
P4_share_backbone,value_head,70,0.700852
P4_share_backbone,value_head,80,0.700148
P4_share_backbone,value_head,90,0.712579
P4_share_backbone,value_head,100,0.716511
P4_share_backbone,value_head,110,0.728065
P4_share_backbone,value_head,120,0.73464
P4_share_backbone,value_head,130,0.734996
P4_share_backbone,value_head,140,1.143696
P4_share_backbone,value_head,150,0.74368
P4_share_backbone,value_head,160,1.180375
P4_share_backbone,value_head,170,0.749881
P4_share_backbone,value_head,180,0.757034
P4_share_backbone,value_head,190,1.194491
P4_share_backbone,value_head,200,1.218311
P4_share_backbone,value_head,210,1.193385
P4_share_backbone,value_head,220,1.2235
P4_share_backbone,value_head,230,0.769283
P4_share_backbone,value_head,240,1.229512
P4_share_backbone,value_head,250,1.203334
P4_share_backbone,value_head,260,1.19648
P4_share_backbone,value_head,270,1.182448
P4_share_backbone,value_head,280,1.253505
P4_share_backbone,value_head,290,1.235081
P4_share_backbone,value_head,300,1.254135
P4_share_backbone,value_head,310,1.238143
P4_share_backbone,value_head,320,0.772545
P4_share_backbone,value_head,330,1.189334
P4_share_backbone,value_head,340,0.771437
P4_share_backbone,value_head,350,0.770918
